Workbook

Sheet Dashboard KPI
B1: SAN MAROC — Dashboard de Pilotage Financier
B2: Semaine du 10/03/2026 au 16/03/2026 | G2: Automatisé — VBA / PowerQuery
B3: Pôle Analyse Financière & Performance | El Ghali Sany
B5: ENCOURS TOTAL | D5: IMPAYÉS > 30 JOURS | F5: DSO MOYEN PORTEFEUILLE | H5: CEI (COLLECTION EFFECTIVENESS) | J5: TAUX RECOUVREMENT MOYEN
B6: =Segmentation!L22 -> 12445000 | D6: =SUM(Segmentation!D22,Segmentation!E22,Segmentation!F22) -> 5121600 | F6: =AVERAGE(Segmentation!H12:H21) -> 53.8 | H6: =Historique!C15/Segmentation!L22 -> 0.28123744 | J6: =AVERAGE(Segmentation!G12:G21) -> 0.769
B7: +3.2% vs S-1 | J7: +2.1 pts vs S-1
B9: Répartition des Créances par Ancienneté (Aging Analysis)
B10: Tranche | C10: Montant (MAD) | D10: % du Total | E10: Nb Clients | F10: Action Recommandée
B11: 0 – 30 jours (Courant) | C11: =Segmentation!C22 -> 7323400 | D11: =C11/C15 -> 0.58846123 | E11: 10 | F11: Suivi standard
B12: 30 – 60 jours | C12: =Segmentation!D22 -> 2545000 | D12: =C12/C15 -> 0.2044998 | E12: 7 | F12: Relance amiable prioritaire
B13: 60 – 90 jours | C13: =Segmentation!E22 -> 921800 | D13: =C13/C15 -> 0.074069908 | E13: 5 | F13: Escalade + mise en demeure
B14: > 90 jours (Critique) | C14: =Segmentation!F22 -> 1654800 | D14: =C14/C15 -> 0.13296906 | E14: 4 | F14: Négociation directe / Provision
B15: TOTAL | C15: =SUM(C11:C14) -> 12445000 | D15: 100% | E15: 10
B38: ⚠ Données fictives — noms de clients et montants simulés à des fins de démonstration. Aucune donnée réelle utilisée.

Sheet Segmentation
B1: Segmentation Analytique des Portefeuilles Clients
B2: Segmentation par ancienneté de créance, scoring interne et priorité de recouvrement
B4: Méthode de Scoring : Score = (Poids_ancienneté × Note_ancienneté) + (Poids_montant × Note_montant) + (Poids_historique × Note_historique) | Pondérations : Ancienneté 40%, Montant 30%, Historique 30%
B6: HYPOTHÈSES DE SCORING | E6: LÉGENDE COULEUR
B7: Poids Ancienneté | C7: 0.4 | E7: Bleu = Hypothèse modifiable
B8: Poids Montant | C8: 0.3 | E8: Noir = Formule calculée
B9: Poids Historique | C9: 0.3 | E9: Jaune = Cellule à attention
B11: Client | C11: 0-30j (MAD) | D11: 30-60j (MAD) | E11: 60-90j (MAD) | F11: >90j (MAD) | G11: Taux Récup. | H11: DSO (jours) | I11: Hist. Paiement | J11: Score Interne (/10) | K11: Priorité | L11: Encours Total
B12: Ste Benomar Import-Export | C12: 1637500 | D12: 418200 | E12: 196800 | F12: 184500 | G12: 0.84 | H12: 43 | I12: 0.84 | J12: =$C$7*((C12/L12)*10)+$C$8*((1-L12/MAX($L$12:$L$21))*10)+$C$9*(I12*10) -> 5.2077308 | K12: =IF(J12>=7,"Faible",IF(J12>=5,"Moyenne",IF(J12>=3,"Haute","Critique"))) -> Moyenne | L12: =SUM(C12:F12) -> 2437000
B13: Maroc Industrie SA | C13: 743800 | D13: 507200 | E13: 198600 | F13: 423400 | G13: 0.63 | H13: 76 | I13: 0.63 | J13: =$C$7*((C13/L13)*10)+$C$8*((1-L13/MAX($L$12:$L$21))*10)+$C$9*(I13*10) -> 4.172764 | K13: =IF(J13>=7,"Faible",IF(J13>=5,"Moyenne",IF(J13>=3,"Haute","Critique"))) -> Haute | L13: =SUM(C13:F13) -> 1873000
B14: Transmar SARL | C14: 1192300 | D14: 304700 | E14: 57200 | F14: 93800 | G14: 0.92 | H14: 34 | I14: 0.92 | J14: =$C$7*((C14/L14)*10)+$C$8*((1-L14/MAX($L$12:$L$21))*10)+$C$9*(I14*10) -> 6.6252082 | K14: =IF(J14>=7,"Faible",IF(J14>=5,"Moyenne",IF(J14>=3,"Haute","Critique"))) -> Moyenne | L14: =SUM(C14:F14) -> 1648000
B15: BMCE Partenaires | C15: 806400 | D15: 312500 | E15: 97800 | F15: 208300 | G15: 0.71 | H15: 59 | I15: 0.71 | J15: =$C$7*((C15/L15)*10)+$C$8*((1-L15/MAX($L$12:$L$21))*10)+$C$9*(I15*10) -> 5.639373 | K15: =IF(J15>=7,"Faible",IF(J15>=5,"Moyenne",IF(J15>=3,"Haute","Critique"))) -> Moyenne | L15: =SUM(C15:F15) -> 1425000
B16: Tanger Med Services | C16: 894200 | D16: 153800 | E16: 43600 | F16: 86400 | G16: 0.93 | H16: 32 | I16: 0.93 | J16: =$C$7*((C16/L16)*10)+$C$8*((1-L16/MAX($L$12:$L$21))*10)+$C$9*(I16*10) -> 7.3761891 | K16: =IF(J16>=7,"Faible",IF(J16>=5,"Moyenne",IF(J16>=3,"Haute","Critique"))) -> Faible | L16: =SUM(C16:F16) -> 1178000
B17: Sté Lamrani & Fils | C17: 283600 | D17: 257400 | E17: 103200 | F17: 337800 | G17: 0.47 | H17: 108 | I17: 0.47 | J17: =$C$7*((C17/L17)*10)+$C$8*((1-L17/MAX($L$12:$L$21))*10)+$C$9*(I17*10) -> 4.3563301 | K17: =IF(J17>=7,"Faible",IF(J17>=5,"Moyenne",IF(J17>=3,"Haute","Critique"))) -> Haute | L17: =SUM(C17:F17) -> 982000
B18: Ets Kettani Fret | C18: 617300 | D18: 138500 | E18: 52400 | F18: 61800 | G18: 0.89 | H18: 37 | I18: 0.89 | J18: =$C$7*((C18/L18)*10)+$C$8*((1-L18/MAX($L$12:$L$21))*10)+$C$9*(I18*10) -> 7.437172 | K18: =IF(J18>=7,"Faible",IF(J18>=5,"Moyenne",IF(J18>=3,"Haute","Critique"))) -> Faible | L18: =SUM(C18:F18) -> 870000
B19: Souss Agrégats | C19: 347200 | D19: 183600 | E19: 98400 | F19: 118800 | G19: 0.66 | H19: 64 | I19: 0.66 | J19: =$C$7*((C19/L19)*10)+$C$8*((1-L19/MAX($L$12:$L$21))*10)+$C$9*(I19*10) -> 5.9158802 | K19: =IF(J19>=7,"Faible",IF(J19>=5,"Moyenne",IF(J19>=3,"Haute","Critique"))) -> Moyenne | L19: =SUM(C19:F19) -> 748000
B20: Fès Textile Export | C20: 498700 | D20: 121300 | E20: 16200 | F20: 43800 | G20: 0.95 | H20: 28 | I20: 0.95 | J20: =$C$7*((C20/L20)*10)+$C$8*((1-L20/MAX($L$12:$L$21))*10)+$C$9*(I20*10) -> 7.9464346 | K20: =IF(J20>=7,"Faible",IF(J20>=5,"Moyenne",IF(J20>=3,"Haute","Critique"))) -> Faible | L20: =SUM(C20:F20) -> 680000
B21: Société Idrissi & Cie | C21: 302400 | D21: 147800 | E21: 57600 | F21: 96200 | G21: 0.69 | H21: 57 | I21: 0.69 | J21: =$C$7*((C21/L21)*10)+$C$8*((1-L21/MAX($L$12:$L$21))*10)+$C$9*(I21*10) -> 6.3291119 | K21: =IF(J21>=7,"Faible",IF(J21>=5,"Moyenne",IF(J21>=3,"Haute","Critique"))) -> Moyenne | L21: =SUM(C21:F21) -> 604000
B22: TOTAL / MOYENNE | C22: =SUM(C12:C21) -> 7323400 | D22: =SUM(D12:D21) -> 2545000 | E22: =SUM(E12:E21) -> 921800 | F22: =SUM(F12:F21) -> 1654800 | G22: =AVERAGE(G12:G21) -> 0.769 | H22: =AVERAGE(H12:H21) -> 53.8 | J22: =AVERAGE(J12:J21) -> 6.1006194 | L22: =SUM(L12:L21) -> 12445000
B24: ⚠ DONNÉES FICTIVES — Les noms, montants et indicateurs ci-dessus sont simulés à des fins de démonstration.
B25: Aucune donnée réelle de client ou de SAN MAROC n'a été utilisée. Obligation de confidentialité respectée.

Sheet Historique
B1: Historique des Encaissements & Indicateur CEI
B2: CEI = Collection Effectiveness Index = Encaissements / (Encours début + Crédits période − Encours fin)
B4: Semaine | C4: Encaissements (MAD) | D4: Objectif (MAD) | E4: Écart | F4: Taux Atteinte | G4: Cumul Encaissements | H4: CEI Hebdo
B5: S01 — 06/01 | C5: 2800000 | D5: 3000000 | E5: =C5-D5 -> -200000 | F5: =C5/D5 -> 0.93333333 | G5: =C5 -> 2800000 | H5: =C5/Segmentation!L22 -> 0.22498996
B6: S02 — 13/01 | C6: 3100000 | D6: 3000000 | E6: =C6-D6 -> 100000 | F6: =C6/D6 -> 1.0333333 | G6: =G5+C6 -> 5900000 | H6: =C6/Segmentation!L22 -> 0.24909602
B7: S03 — 20/01 | C7: 2950000 | D7: 3000000 | E7: =C7-D7 -> -50000 | F7: =C7/D7 -> 0.98333333 | G7: =G6+C7 -> 8850000 | H7: =C7/Segmentation!L22 -> 0.23704299
B8: S04 — 27/01 | C8: 3200000 | D8: 3100000 | E8: =C8-D8 -> 100000 | F8: =C8/D8 -> 1.0322581 | G8: =G7+C8 -> 12050000 | H8: =C8/Segmentation!L22 -> 0.25713138
B9: S05 — 03/02 | C9: 2700000 | D9: 3100000 | E9: =C9-D9 -> -400000 | F9: =C9/D9 -> 0.87096774 | G9: =G8+C9 -> 14750000 | H9: =C9/Segmentation!L22 -> 0.2169546
B10: S06 — 10/02 | C10: 3400000 | D10: 3100000 | E10: =C10-D10 -> 300000 | F10: =C10/D10 -> 1.0967742 | G10: =G9+C10 -> 18150000 | H10: =C10/Segmentation!L22 -> 0.27320209
B11: S07 — 17/02 | C11: 3050000 | D11: 3200000 | E11: =C11-D11 -> -150000 | F11: =C11/D11 -> 0.953125 | G11: =G10+C11 -> 21200000 | H11: =C11/Segmentation!L22 -> 0.24507834
B12: S08 — 24/02 | C12: 2900000 | D12: 3200000 | E12: =C12-D12 -> -300000 | F12: =C12/D12 -> 0.90625 | G12: =G11+C12 -> 24100000 | H12: =C12/Segmentation!L22 -> 0.23302531
B13: S09 — 03/03 | C13: 3350000 | D13: 3200000 | E13: =C13-D13 -> 150000 | F13: =C13/D13 -> 1.046875 | G13: =G12+C13 -> 27450000 | H13: =C13/Segmentation!L22 -> 0.26918441
B14: S10 — 10/03 | C14: 3150000 | D14: 3300000 | E14: =C14-D14 -> -150000 | F14: =C14/D14 -> 0.95454545 | G14: =G13+C14 -> 30600000 | H14: =C14/Segmentation!L22 -> 0.2531137
B15: S11 — 17/03 | C15: 3500000 | D15: 3300000 | E15: =C15-D15 -> 200000 | F15: =C15/D15 -> 1.0606061 | G15: =G14+C15 -> 34100000 | H15: =C15/Segmentation!L22 -> 0.28123744
B16: TOTAL | C16: =SUM(C5:C15) -> 34100000 | D16: =SUM(D5:D15) -> 34500000 | F16: =C16/D16 -> 0.9884058
B34: ⚠ Données fictives — montants simulés à des fins de démonstration.

Sheet Notes
B2: notes perso - reporting
B4: scoring : ancienneté 40%, montant 30%, historique 30% → validé 18/02 avec direction
B5: seuils alertes : <10% ok, 10-20% surveillance, >20% alerte
B6: DSO = jours moyen pour encaisser. CEI = encaissements / créances totales
B7: données entrées en bleu, formules en noir, cellules jaunes = à vérifier
B9: TODO :
B10: - revoir pondérations fin Q2
B11: - automatiser import PowerQuery quand accès SI confirmé
B12: - ajouter colonne secteur d'activité dans segmentation
